{
  "baseline_quaternion": [
    -0.2999360892429699,
    -0.6788683077874701,
    -0.27080595482699177,
    0.6130581521207032
  ],
  "baseline_euler_deg": {
    "roll": 132.28926652290966,
    "pitch": 84.16593970341789,
    "yaw": -0.041355734656889194
  },
  "R_sensor_to_world": [
    [
      0.10164767389717999,
      0.7354396898355509,
      -0.6699225425419579
    ],
    [
      -7.336866687096544e-05,
      -0.6734049543997491,
      -0.7392738071965695
    ],
    [
      -0.9948204586800231,
      0.07519461419849671,
      -0.06839608897596383
    ]
  ],
  "sensor_axes_world": {
    "x": [
      0.10164767389717999,
      -7.336866687096544e-05,
      -0.9948204586800231
    ],
    "y": [
      0.7354396898355509,
      -0.6734049543997491,
      0.07519461419849671
    ],
    "z": [
      -0.6699225425419579,
      -0.7392738071965695,
      -0.06839608897596383
    ]
  },
  "rel_axes": {
    "right": [
      -0.992613255292942,
      0.06821032653374849,
      0.10033083659029435
    ],
    "left": [
      0.07754744994294613,
      0.5254022462073191,
      0.8473127360589181
    ],
    "up": [
      -0.9053715457832457,
      -0.3970357227054469,
      0.15054899196547195
    ],
    "down": [
      0.39959414484282046,
      -0.42491272561661014,
      -0.8122645474329152
    ]
  },
  "global_axes_estimate": {
    "up": [
      -0.8045658124182767,
      0.01718733577144569,
      0.5936147310982082
    ],
    "right": [
      -0.5606687177081621,
      -0.35149437609200784,
      -0.7497348148239985
    ],
    "forward": [
      0.19576629554446698,
      -0.9360322104846445,
      0.29243675976871775
    ]
  },
  "R_global": [
    [
      -0.5606687177081621,
      -0.8045658124182767,
      0.19576629554446698
    ],
    [
      -0.35149437609200784,
      0.01718733577144569,
      -0.9360322104846445
    ],
    [
      -0.7497348148239985,
      0.5936147310982082,
      0.29243675976871775
    ]
  ]
}