{"yawAxis":{"x":0.938516154221181,"y":-0.3175805115143432,"z":0.13538850384051263},"pitchAxis":{"x":-0.03273795126597689,"y":0.1995209257980668,"z":0.9793465304556854},"yawMultiplier":1,"pitchMultiplier":1,"range":{"minYaw":-0.49182443298614736,"maxYaw":0.6098272292966644,"minPitch":-0.5132905941893109,"maxPitch":0.45155737879590524}}