{"yawAxis":{"x":-0.05996877893088582,"y":0.9678508932915152,"z":-0.24427114833388433},"pitchAxis":{"x":0.9763883050449524,"y":0.0999996782125873,"z":0.19148352965418253},"yawMultiplier":-1,"pitchMultiplier":-1}