{"yawAxis":{"x":0.9859441948233267,"y":-0.15073743504753634,"z":-0.07205741023289668},"pitchAxis":{"x":-0.06560100210483528,"y":0.20075935992586558,"z":-0.9774416544863425},"yawMultiplier":-1,"pitchMultiplier":-1,"sensitivity":25}